UPI_Banks,Bank_Code,Month,VolumeMnByCostumers,ValueCrbyCostumers,VolumeMn,ValueCr,Year
Airtel Payments Bank Apps,1,12,9.04,2248.49,15.12,5732.09,2021
Airtel Payments Bank Apps,1,11,8.41,1923.95,15.9,5554.63,2021
Airtel Payments Bank Apps,1,10,7.6,1491.34,14.31,4746.79,2021
Airtel Payments Bank Apps,1,9,6.91,1520.92,11.52,3759.12,2021
Airtel Payments Bank Apps,1,8,6.14,1396.65,9.31,2941.88,2021
Airtel Payments Bank Apps,1,7,5.79,1534.21,7.36,2342.76,2021
Airtel Payments Bank Apps,1,6,5.06,1323.26,6.69,2821.94,2021
Airtel Payments Bank Apps,1,5,4.06,429.12,4.06,429.12,2021
Airtel Payments Bank Apps,1,4,3.53,363.66,14.7,11172.43,2021
Airtel Payments Bank Apps,1,3,3.79,381.74,3.79,381.74,2021
Airtel Payments Bank Apps,1,2,3.33,348.7,3.33,348.7,2021
Airtel Payments Bank Apps,1,1,3.71,355.77,3.71,355.77,2021
Allahabad Bank App,2,12,.02,7.43,.02,7.43,2021
Allahabad Bank App,2,11,.02,6.28,.02,6.28,2021
Allahabad Bank App,2,10,.02,6.35,.02,6.35,2021
Allahabad Bank App,2,9,.02,5.34,.02,5.34,2021
Allahabad Bank App,2,8,.01,4.44,.01,4.44,2021
Allahabad Bank App,2,7,.01,2.03,.01,2.03,2021
Allahabad Bank App,2,5,.01,4.43,.01,4.43,2021
Allahabad Bank App,2,4,.02,5.21,.02,5.21,2021
Allahabad Bank App,2,3,.05,13.51,.05,13.51,2021
Allahabad Bank App,2,2,.05,12.23,.05,12.23,2021
Allahabad Bank App,2,1,.09,21.14,.09,21.14,2021
Amazon Pay,3,12,76.18,6641.62,76.18,6641.62,2021
Amazon Pay,3,11,71.04,6041.96,71.04,6041.96,2021
Amazon Pay,3,10,68.82,6286.6,68.82,6286.6,2021
Amazon Pay,3,9,62.9,5267.79,62.9,5267.79,2021
Amazon Pay,3,8,60.67,5297.16,60.67,5297.16,2021
Amazon Pay,3,7,62.83,5223.57,62.83,5223.57,2021
Amazon Pay,3,6,51.34,4814.74,51.34,4814.74,2021
Amazon Pay,3,5,58.35,4782.59,58.35,4782.59,2021
Amazon Pay,3,4,49.12,4272.47,49.12,4272.47,2021
Amazon Pay,3,3,52.38,4457.47,52.38,4457.47,2021
Amazon Pay,3,2,44.22,3831.99,44.22,3831.99,2021
Amazon Pay,3,1,46.3,4044.38,46.3,4044.38,2021
AU Small Finance Bank App,4,12,.21,76.22,.21,76.22,2021
AU Small Finance Bank App,4,11,.17,67.04,.17,67.04,2021
AU Small Finance Bank App,4,10,.16,62.15,.16,62.15,2021
AU Small Finance Bank App,4,9,.13,46.49,.13,46.49,2021
AU Small Finance Bank App,4,8,.1,38.53,.1,38.53,2021
AU Small Finance Bank App,4,7,.08,33.12,.08,33.12,2021
AU Small Finance Bank App,4,6,.05,25.43,.05,25.43,2021
AU Small Finance Bank App,4,5,.04,20.29,.04,20.29,2021
AU Small Finance Bank App,4,4,.04,20.23,.04,20.23,2021
AU Small Finance Bank App,4,3,.04,21.33,.04,21.33,2021
AU Small Finance Bank App,4,2,.03,15.48,.03,15.48,2021
AU Small Finance Bank App,4,1,.02,12.28,.02,12.28,2021
Axis Bank Apps,5,12,6.63,916.58,59.85,957.37,2021
Axis Bank Apps,5,11,6.71,875.09,70.83,920.76,2021
Axis Bank Apps,5,10,8.4,963.14,69.28,1005.7,2021
Axis Bank Apps,5,9,7.37,788.51,59.13,832.73,2021
Axis Bank Apps,5,8,10.11,890.5,87.49,959.73,2021
Axis Bank Apps,5,7,10.08,891.26,74.13,941.35,2021
Axis Bank Apps,5,6,9.77,822.59,61.92,857.05,2021
Axis Bank Apps,5,5,10.27,769.07,68.9,806.31,2021
Axis Bank Apps,5,4,9.72,697.87,80.52,747.46,2021
Axis Bank Apps,5,3,8.56,704.6,72.87,748.91,2021
Axis Bank Apps,5,2,6.72,604.08,64.74,648.47,2021
Axis Bank Apps,5,1,5.23,560.7,71.96,618.44,2021
Bajaj Finserv,6,12,.13,7.08,.13,7.08,2021
Bajaj Finserv,6,11,.06,4.1,.06,4.1,2021
Bajaj Finserv,6,10,.06,4.3,.06,4.3,2021
Bajaj Finserv,6,9,.04,3.03,.04,3.03,2021
Bajaj Finserv,6,8,.04,2.85,.04,2.85,2021
Bajaj Finserv,6,7,.02,1.55,.02,1.55,2021
Bajaj Finserv,6,6,.01,1.05,.01,1.05,2021
Bajaj Finserv,6,5,.01,.77,.01,.77,2021
Bajaj Finserv,6,4,.01,.96,.01,.96,2021
Bajaj Finserv,6,3,.01,1.02,.01,1.02,2021
Bajaj Finserv,6,2,.01,1.03,.01,1.03,2021
Bajaj Finserv,6,1,.01,.99,.01,.99,2021
Bank of Baroda Apps,7,12,.75,333.91,.75,333.91,2021
Bank of Baroda Apps,7,11,.75,329.76,.75,329.77,2021
Bank of Baroda Apps,7,10,.8,344.85,.8,344.85,2021
Bank of Baroda Apps,7,9,.73,293.05,.73,293.05,2021
Bank of Baroda Apps,7,8,.75,302.05,.75,302.06,2021
Bank of Baroda Apps,7,7,.67,284.98,.67,284.99,2021
Bank of Baroda Apps,7,6,.6,265.38,.6,265.38,2021
Bank of Baroda Apps,7,5,.54,230.89,.54,230.89,2021
Bank of Baroda Apps,7,4,.56,238.5,.56,238.5,2021
Bank of Baroda Apps,7,3,.78,294.28,.78,294.28,2021
Bank of Baroda Apps,7,2,.66,256.49,.66,256.49,2021
Bank of Baroda Apps,7,1,.75,293.25,.75,293.25,2021
Bank of Maharashtra App,8,12,.05,11.52,.05,11.52,2021
Bank of Maharashtra App,8,11,.04,10.84,.04,10.84,2021
Bank of Maharashtra App,8,10,.04,10.5,.04,10.5,2021
Bank of Maharashtra App,8,9,.04,7.8,.04,7.8,2021
Bank of Maharashtra App,8,8,.04,7.76,.04,7.76,2021
Bank of Maharashtra App,8,7,.03,7.27,.03,7.27,2021
Bank of Maharashtra App,8,6,.03,6.82,.03,6.82,2021
Bank of Maharashtra App,8,5,.02,6.18,.02,6.18,2021
Bank of Maharashtra App,8,4,.02,6.05,.02,6.05,2021
Bank of Maharashtra App,8,3,.03,6.73,.03,6.73,2021
Bank of Maharashtra App,8,2,.02,5.73,.02,5.73,2021
Bank of Maharashtra App,8,1,.02,6.37,.02,6.37,2021
BHIM,9,12,27.12,8831.67,27.12,8831.67,2021
BHIM,9,11,25.23,8237.22,25.23,8237.22,2021
BHIM,9,10,27.27,8513.82,27.27,8513.82,2021
BHIM,9,9,25.36,7538.58,25.36,7538.58,2021
BHIM,9,8,26.33,8063.93,26.33,8063.93,2021
BHIM,9,7,23.76,7442.86,23.76,7442.86,2021
BHIM,9,6,22.84,7319.77,22.84,7319.77,2021
BHIM,9,5,21.02,6776.2,21.02,6776.2,2021
BHIM,9,4,22.26,6886.78,22.26,6886.78,2021
BHIM,9,3,24.42,7653.21,24.42,7653.21,2021
BHIM,9,2,20.44,6379.91,20.44,6379.91,2021
BHIM,9,1,23.38,7462.94,23.38,7462.94,2021
Canara Bank App,10,12,.25,90.72,.25,90.72,2021
Canara Bank App,10,11,.21,78.32,.21,78.32,2021
Canara Bank App,10,10,.21,77.06,.21,77.06,2021
Canara Bank App,10,9,.16,51.88,.16,51.88,2021
Canara Bank App,10,8,.14,56.23,.14,56.23,2021
Canara Bank App,10,7,.11,55.83,.11,55.83,2021
Canara Bank App,10,6,.1,52.64,.1,52.64,2021
Canara Bank App,10,5,.09,45.92,.09,45.92,2021
Canara Bank App,10,4,.09,43.87,.09,43.87,2021
Canara Bank App,10,3,.1,47.87,.1,47.87,2021
Canara Bank App,10,2,.08,37.39,.08,37.39,2021
Canara Bank App,10,1,.09,40.52,.09,40.52,2021
Central Bank of India App,11,12,.13,46.47,.13,46.47,2021
Central Bank of India App,11,11,.11,43.57,.11,43.57,2021
Central Bank of India App,11,10,.12,45.48,.12,45.48,2021
Central Bank of India App,11,9,.13,47.35,.13,47.35,2021
Central Bank of India App,11,8,.13,47.83,.13,47.83,2021
Central Bank of India App,11,7,.12,46.71,.12,46.71,2021
Central Bank of India App,11,6,.11,45.3,.11,45.3,2021
Central Bank of India App,11,5,.1,42.18,.1,42.18,2021
Central Bank of India App,11,4,.11,41.58,.11,41.58,2021
Central Bank of India App,11,3,.12,46.03,.12,46.03,2021
Central Bank of India App,11,2,.1,39.78,.1,39.78,2021
Central Bank of India App,11,1,.11,40.45,.11,40.45,2021
Citi Bank App,12,12,.09,76.94,.09,76.94,2021
Citi Bank App,12,11,.09,77.41,.09,77.41,2021
Citi Bank App,12,10,.11,81.21,.11,81.21,2021
Citi Bank App,12,9,.12,68.42,.12,68.42,2021
Citi Bank App,12,8,.09,72.04,.09,72.04,2021
Citi Bank App,12,7,.09,80.39,.09,80.39,2021
Citi Bank App,12,6,.08,75.09,.08,75.09,2021
Citi Bank App,12,5,.08,70.14,.08,70.14,2021
Citi Bank App,12,4,.08,68.17,.08,68.17,2021
Citi Bank App,12,3,.1,71.02,.1,71.02,2021
Citi Bank App,12,2,.1,64.89,.1,64.89,2021
Citi Bank App,12,1,.09,71.3,.09,71.3,2021
Cointab,13,12,.94,144.16,.94,144.16,2021
Cointab,13,11,.64,112.28,.64,112.28,2021
Cointab,13,10,.45,84.71,.45,84.71,2021
Cointab,13,9,.34,69.81,.34,69.81,2021
Cointab,13,8,.28,63.77,.28,63.77,2021
Cointab,13,7,.17,49.15,.17,49.15,2021
Cointab,13,6,.12,40.95,.12,40.95,2021
Cointab,13,5,.1,35.72,.1,35.72,2021
Cointab,13,4,.11,40.84,.11,40.84,2021
Cointab,13,3,.12,45.71,.12,45.71,2021
Cointab,13,2,.12,41.56,.12,41.56,2021
Cointab,13,1,.13,43.7,.13,43.7,2021
Cred,14,12,10.36,13817.16,10.36,13817.16,2021
Cred,14,11,9.03,12277.85,9.03,12277.85,2021
Cred,14,10,9.73,12561.25,9.73,12561.25,2021
Cred,14,9,7.74,9614.36,7.74,9614.36,2021
Cred,14,8,7.5,9040.43,7.5,9040.43,2021
Cred,14,7,7.12,8121.41,7.12,8121.41,2021
Cred,14,6,5.77,6151.57,5.77,6151.57,2021
Cred,14,5,5.65,6142.78,5.65,6142.78,2021
Cred,14,4,5.08,5419.88,5.08,5419.88,2021
Cred,14,3,4.96,5389.97,4.96,5389.97,2021
Cred,14,2,3.94,4229.11,3.94,4229.11,2021
Cred,14,1,4.08,4247.83,4.08,4247.83,2021
DBS Digibank App,15,12,.55,190.75,.55,190.75,2021
DBS Digibank App,15,11,.52,185.2,.52,185.2,2021
DBS Digibank App,15,10,.58,198.18,.58,198.18,2021
DBS Digibank App,15,9,.55,180.79,.55,180.79,2021
DBS Digibank App,15,8,.57,187.52,.57,187.52,2021
DBS Digibank App,15,7,.57,189.67,.57,189.67,2021
DBS Digibank App,15,6,.51,170.57,.51,170.57,2021
DBS Digibank App,15,5,.47,160.73,.47,160.73,2021
DBS Digibank App,15,4,.54,164.93,.54,164.93,2021
DBS Digibank App,15,3,.59,178.13,.59,178.13,2021
DBS Digibank App,15,2,.52,167.48,.52,167.48,2021
DBS Digibank App,15,1,.56,178.75,.56,178.75,2021
Dena Bank App,16,12,.02,26.08,.02,26.08,2021
Dena Bank App,16,11,.02,24.11,.02,24.11,2021
Dena Bank App,16,10,.02,27.43,.02,27.43,2021
Dena Bank App,16,9,.02,24.37,.02,24.37,2021
Dena Bank App,16,8,.02,23.12,.02,23.12,2021
Dena Bank App,16,7,.02,24.26,.02,24.26,2021
Dena Bank App,16,6,.02,21.57,.02,21.57,2021
Dena Bank App,16,5,.02,20.9,.02,20.9,2021
Dena Bank App,16,4,.02,22.37,.02,22.37,2021
Dena Bank App,16,3,.02,23.57,.02,23.57,2021
Dena Bank App,16,2,.01,17.66,.01,17.66,2021
Dena Bank App,16,1,.02,20.5,.02,20.5,2021
Deutsche Bank App,17,12,.85,85.62,.85,86.2,2021
Deutsche Bank App,17,11,.98,115.42,.98,115.42,2021
Deutsche Bank App,17,10,.85,98.84,.85,99.23,2021
Deutsche Bank App,17,9,.76,70.24,.76,70.24,2021
Deutsche Bank App,17,8,.73,81.7,.73,81.74,2021
Deutsche Bank App,17,7,.52,55.42,.52,55.55,2021
Deutsche Bank App,17,6,.32,27.44,.32,27.44,2021
Deutsche Bank App,17,5,.21,14.69,.21,14.73,2021
Deutsche Bank App,17,4,.43,43.32,.43,43.58,2021
Deutsche Bank App,17,3,.71,79.28,.71,79.58,2021
Deutsche Bank App,17,2,.55,59.97,.55,59.97,2021
Deutsche Bank App,17,1,.55,60.39,.55,60.65,2021
Federal Bank App,18,12,.48,99.96,.48,99.96,2021
Federal Bank App,18,11,.47,91.94,.47,91.94,2021
Federal Bank App,18,10,.44,90.5,.44,90.5,2021
Federal Bank App,18,9,.39,79.44,.39,79.44,2021
Federal Bank App,18,8,.35,74.71,.35,74.71,2021
Federal Bank App,18,7,.28,68.82,.28,68.82,2021
Federal Bank App,18,6,.21,49.99,.21,49.99,2021
Federal Bank App,18,5,.17,38.99,.17,38.99,2021
Federal Bank App,18,4,.19,39.57,.19,39.57,2021
Federal Bank App,18,3,.2,38.85,.2,38.85,2021
Federal Bank App,18,2,.16,30.55,.16,30.55,2021
Federal Bank App,18,1,.15,26.09,.15,26.09,2021
Fino Payments bank App,19,12,.03,2.09,.03,2.09,2021
Fino Payments bank App,19,11,.02,1.81,.02,1.81,2021
Fino Payments bank App,19,10,.02,1.75,.02,1.75,2021
Fino Payments bank App,19,9,.02,1.63,.02,1.63,2021
Fino Payments bank App,19,8,.02,1.38,.02,1.38,2021
Fino Payments bank App,19,7,.01,1.13,.01,1.13,2021
Fino Payments bank App,19,6,.01,1.09,.01,1.09,2021
Fino Payments bank App,19,5,.01,1.23,.01,1.23,2021
Fino Payments bank App,19,4,.01,1.18,.01,1.18,2021
Fino Payments bank App,19,3,.01,1.28,.01,1.28,2021
Fino Payments bank App,19,2,.01,1.14,.01,1.14,2021
Fino Payments bank App,19,1,.01,1.08,.01,1.08,2021
Google Pay,20,12,1587.43,302989.79,1587.43,302989.79,2021
Google Pay,20,11,1447.84,283357.99,1447.84,283357.99,2021
Google Pay,20,10,1451.93,287491.46,1451.93,287491.46,2021
Google Pay,20,9,1294.56,250393.65,1294.56,250393.65,2021
Google Pay,20,8,1243.75,244453.05,1243.75,244453.05,2021
Google Pay,20,7,1119.16,230847.54,1119.16,230847.54,2021
Google Pay,20,6,972.26,207287.73,972.26,207287.73,2021
Google Pay,20,5,880.59,187136.95,880.59,187136.95,2021
Google Pay,20,4,905.96,190106.71,905.96,190106.71,2021
Google Pay,20,3,957.01,201185.14,957.01,201185.14,2021
Google Pay,20,2,827.86,174455.33,827.86,174455.33,2021
Google Pay,20,1,853.53,177791.47,853.53,177791.47,2021
HDFC Bank Apps,21,12,4.96,1250.74,4.96,1250.74,2021
HDFC Bank Apps,21,11,3.87,1030.59,3.87,1030.59,2021
HDFC Bank Apps,21,10,5.02,1082.99,5.02,1082.99,2021
HDFC Bank Apps,21,9,3.14,772.08,3.14,772.08,2021
HDFC Bank Apps,21,8,3.1,676.72,3.1,676.72,2021
HDFC Bank Apps,21,7,3,588.25,3,588.25,2021
HDFC Bank Apps,21,6,2.07,408.61,2.07,408.61,2021
HDFC Bank Apps,21,5,1.56,274.77,1.56,274.77,2021
HDFC Bank Apps,21,4,1.42,243.86,1.42,243.86,2021
HDFC Bank Apps,21,3,1.59,244.17,1.59,244.17,2021
HDFC Bank Apps,21,2,1.13,208.06,1.13,208.06,2021
HDFC Bank Apps,21,1,1.52,244.03,1.52,244.03,2021
HSBC Bank App,22,12,.09,53.64,.09,53.73,2021
HSBC Bank App,22,11,.08,46.94,.08,46.98,2021
HSBC Bank App,22,10,.08,53.35,.08,53.39,2021
HSBC Bank App,22,9,.08,42.97,.08,43.02,2021
HSBC Bank App,22,8,.07,39.19,.07,39.24,2021
HSBC Bank App,22,7,.06,40.49,.06,40.52,2021
HSBC Bank App,22,6,.07,35.56,.07,35.57,2021
HSBC Bank App,22,5,.06,35.67,.06,35.68,2021
HSBC Bank App,22,4,.07,40.02,.07,40.03,2021
HSBC Bank App,22,3,.08,45.88,.08,45.89,2021
HSBC Bank App,22,2,.05,37.34,.05,37.36,2021
HSBC Bank App,22,1,.06,41.58,.06,41.59,2021
ICICI Bank Apps,23,12,28.81,8742.96,31.99,8921.76,2021
ICICI Bank Apps,23,11,25.74,7049.36,29.14,7246.75,2021
ICICI Bank Apps,23,10,26.24,6167.22,29.27,6329.63,2021
ICICI Bank Apps,23,9,18.86,6395.93,22.11,6579.65,2021
ICICI Bank Apps,23,8,17.55,5476.78,19.81,5621.27,2021
ICICI Bank Apps,23,7,15.41,5761.98,18.26,5896.05,2021
ICICI Bank Apps,23,6,12.94,4958.01,15.29,5076.12,2021
ICICI Bank Apps,23,5,10.95,4411.52,13.16,4514.11,2021
ICICI Bank Apps,23,4,10.76,3672.3,14.37,3827.95,2021
ICICI Bank Apps,23,3,9.95,3703.08,13.95,3823.36,2021
ICICI Bank Apps,23,2,7.63,2393.8,9.93,2477.23,2021
ICICI Bank Apps,23,1,6.22,1835.97,10.46,1984.07,2021
IDBI Bank App,24,12,.02,11.34,.02,11.34,2021
IDBI Bank App,24,11,.03,13.31,.03,13.31,2021
IDBI Bank App,24,10,.03,14.22,.03,14.22,2021
IDBI Bank App,24,9,.02,12,.02,12,2021
IDBI Bank App,24,8,.03,11.26,.03,11.26,2021
IDBI Bank App,24,7,.02,11.24,.02,11.24,2021
IDBI Bank App,24,6,.02,10.86,.02,10.86,2021
IDBI Bank App,24,5,.02,10.36,.02,10.36,2021
IDBI Bank App,24,4,.02,9.59,.02,9.59,2021
IDBI Bank App,24,3,.02,9.68,.02,9.68,2021
IDBI Bank App,24,2,.02,9.15,.02,9.15,2021
IDBI Bank App,24,1,.02,9.18,.02,9.18,2021
IDFC Bank App,25,12,.9,278.53,.9,278.53,2021
IDFC Bank App,25,11,.64,237.83,.64,237.83,2021
IDFC Bank App,25,10,.62,231.02,.62,231.02,2021
IDFC Bank App,25,9,.49,181.96,.49,181.96,2021
IDFC Bank App,25,8,.4,155.19,.4,155.19,2021
IDFC Bank App,25,7,.3,130.1,.3,130.1,2021
IDFC Bank App,25,6,.21,101.74,.21,101.74,2021
IDFC Bank App,25,5,.15,72.34,.15,72.34,2021
IDFC Bank App,25,4,.15,65.23,.15,65.23,2021
IDFC Bank App,25,3,.13,60.84,.13,60.84,2021
IDFC Bank App,25,2,.1,47.09,.1,47.09,2021
IDFC Bank App,25,1,.08,41.87,.08,41.87,2021
India Post Payments Bank App,26,12,2.76,321.16,2.76,321.16,2021
India Post Payments Bank App,26,11,2.3,286.07,2.3,286.07,2021
India Post Payments Bank App,26,10,2.39,291.7,2.39,291.7,2021
India Post Payments Bank App,26,9,2.28,267.94,2.28,267.94,2021
India Post Payments Bank App,26,8,2,255.16,2,255.16,2021
India Post Payments Bank App,26,7,1.79,231.52,1.79,231.52,2021
India Post Payments Bank App,26,6,1.47,203.73,1.47,203.73,2021
India Post Payments Bank App,26,5,1.29,178.52,1.29,178.52,2021
India Post Payments Bank App,26,4,1.32,174.08,1.32,174.08,2021
India Post Payments Bank App,26,3,1.21,167.52,1.21,167.52,2021
India Post Payments Bank App,26,2,1.23,145.46,1.23,145.46,2021
India Post Payments Bank App,26,1,1.08,123.25,1.08,123.25,2021
Indian Bank App,27,12,.12,42.71,.12,42.71,2021
Indian Bank App,27,11,.09,37.77,.09,37.77,2021
Indian Bank App,27,10,.09,38.84,.09,38.84,2021
Indian Bank App,27,9,.08,35.34,.08,35.34,2021
Indian Bank App,27,8,.08,34.46,.08,34.46,2021
Indian Bank App,27,7,.08,33.52,.08,33.52,2021
Indian Bank App,27,6,.05,25.18,.05,25.18,2021
Indian Bank App,27,5,.06,26.84,.06,26.84,2021
Indian Bank App,27,4,.06,24.13,.06,24.13,2021
Indian Bank App,27,3,.09,34.1,.09,34.1,2021
Indian Bank App,27,2,.05,12.38,.05,12.38,2021
Indian Bank App,27,1,.02,5.77,.02,5.77,2021
IndusInd Bank App,28,12,1.19,1269.16,1.19,1269.16,2021
IndusInd Bank App,28,11,1.1,1407.31,1.1,1407.31,2021
IndusInd Bank App,28,10,1.05,1014.56,1.05,1014.56,2021
IndusInd Bank App,28,9,.33,532.43,.33,532.43,2021
IndusInd Bank App,28,8,.52,570.21,.52,570.21,2021
IndusInd Bank App,28,7,2.18,458.06,2.18,458.06,2021
IndusInd Bank App,28,6,2.18,421.41,2.18,421.41,2021
IndusInd Bank App,28,5,3.12,433.37,3.12,433.37,2021
IndusInd Bank App,28,4,4.2,654.49,4.2,654.49,2021
IndusInd Bank App,28,3,4.49,541.66,4.49,541.66,2021
IndusInd Bank App,28,2,2.16,379.54,2.16,379.54,2021
IndusInd Bank App,28,1,1.82,367.77,1.82,367.77,2021
Jio Payments Bank App,29,12,1.65,100.19,1.65,100.19,2021
Jio Payments Bank App,29,11,1.38,89.68,1.38,89.68,2021
Jio Payments Bank App,29,10,1.33,85.75,1.33,85.75,2021
Jio Payments Bank App,29,9,1.24,74.89,1.24,74.89,2021
Jio Payments Bank App,29,8,1.06,68.16,1.06,68.16,2021
Jio Payments Bank App,29,7,1.03,63.44,1.03,63.44,2021
Jio Payments Bank App,29,6,.8,52.08,.8,52.08,2021
Jio Payments Bank App,29,5,.68,40.92,.68,40.92,2021
Jio Payments Bank App,29,4,.57,35.43,.57,35.43,2021
Jio Payments Bank App,29,3,.47,32.14,.47,32.14,2021
Jio Payments Bank App,29,2,.36,25.76,.36,25.76,2021
Jio Payments Bank App,29,1,.41,27.91,.41,27.91,2021
Karnataka Bank App,30,12,.25,30.03,.25,30.03,2021
Karnataka Bank App,30,11,.22,27.68,.22,27.68,2021
Karnataka Bank App,30,10,.2,25.71,.2,25.71,2021
Karnataka Bank App,30,9,.16,18.64,.16,18.64,2021
Karnataka Bank App,30,8,.12,15.38,.12,15.38,2021
Karnataka Bank App,30,7,.13,18.45,.13,18.45,2021
Karnataka Bank App,30,6,.12,22.51,.12,22.51,2021
Karnataka Bank App,30,5,.1,20.74,.1,20.74,2021
Karnataka Bank App,30,4,.12,21.13,.12,21.13,2021
Karnataka Bank App,30,3,.12,20.89,.12,20.89,2021
Karnataka Bank App,30,2,.09,16.41,.09,16.41,2021
Karnataka Bank App,30,1,.07,15.35,.07,15.35,2021
Karur Vysya Bank App,31,12,.04,17.44,.04,17.44,2021
Karur Vysya Bank App,31,11,.03,15.46,.03,15.46,2021
Karur Vysya Bank App,31,10,.03,15.4,.03,15.4,2021
Karur Vysya Bank App,31,9,.03,14.14,.03,14.14,2021
Karur Vysya Bank App,31,8,.03,15.25,.03,15.25,2021
Karur Vysya Bank App,31,7,.03,14.6,.03,14.6,2021
Karur Vysya Bank App,31,6,.03,12.59,.03,12.59,2021
Karur Vysya Bank App,31,5,.02,11.59,.02,11.59,2021
Karur Vysya Bank App,31,4,.03,13.08,.03,13.08,2021
Karur Vysya Bank App,31,3,.03,15.14,.03,15.14,2021
Karur Vysya Bank App,31,2,.03,13.87,.03,13.87,2021
Karur Vysya Bank App,31,1,.03,13.14,.03,13.14,2021
Kotak Mahindra Bank Apps,32,12,6.39,1168.93,6.39,1168.93,2021
Kotak Mahindra Bank Apps,32,11,5.78,1035.67,5.78,1035.67,2021
Kotak Mahindra Bank Apps,32,10,5.38,944.5,5.38,944.5,2021
Kotak Mahindra Bank Apps,32,9,4.31,771.05,4.31,771.05,2021
Kotak Mahindra Bank Apps,32,8,3.98,723.21,3.98,723.21,2021
Kotak Mahindra Bank Apps,32,7,3.46,642.53,3.46,642.53,2021
Kotak Mahindra Bank Apps,32,6,2.8,535.98,2.8,535.98,2021
Kotak Mahindra Bank Apps,32,5,2.37,427.4,2.37,427.4,2021
Kotak Mahindra Bank Apps,32,4,2.13,381.37,2.13,381.37,2021
Kotak Mahindra Bank Apps,32,3,2.26,397.99,2.26,397.99,2021
Kotak Mahindra Bank Apps,32,2,1.95,347.66,1.95,347.66,2021
Kotak Mahindra Bank Apps,32,1,1.88,343.38,1.88,343.38,2021
MakeMy Trip,33,12,.07,22.3,.07,22.3,2021
MakeMy Trip,33,11,.12,45.04,.12,45.04,2021
MakeMy Trip,33,10,.13,48.4,.13,48.4,2021
MakeMy Trip,33,9,.08,25.67,.08,25.67,2021
MakeMy Trip,33,8,.08,25.28,.08,25.28,2021
MakeMy Trip,33,7,.08,29.31,.08,29.31,2021
MakeMy Trip,33,6,.06,22.16,.06,22.16,2021
MakeMy Trip,33,5,.03,11.47,.03,11.47,2021
MakeMy Trip,33,4,.08,26.08,.08,26.08,2021
MakeMy Trip,33,3,.09,31.2,.09,31.2,2021
MakeMy Trip,33,2,.12,44.08,.12,44.08,2021
MakeMy Trip,33,1,.01,3.95,.01,3.95,2021
MI Pay,34,12,.31,43.97,.31,43.97,2021
MI Pay,34,11,.33,47.27,.33,47.27,2021
MI Pay,34,10,.37,54.77,.37,54.77,2021
MI Pay,34,9,.36,51.29,.36,51.29,2021
MI Pay,34,8,.34,50.26,.34,50.26,2021
MI Pay,34,7,.34,53.34,.34,53.34,2021
MI Pay,34,6,.36,56.69,.36,56.69,2021
MI Pay,34,5,.37,55.17,.37,55.17,2021
MI Pay,34,4,.38,58.08,.38,58.08,2021
MI Pay,34,3,.42,64.65,.42,64.65,2021
MI Pay,34,2,.4,59.91,.4,59.91,2021
MI Pay,34,1,.44,62.81,.44,62.81,2021
Mobikwik,35,12,4.24,985.86,4.24,985.86,2021
Mobikwik,35,11,5.18,1478.95,5.18,1478.95,2021
Mobikwik,35,10,4.08,1070.32,4.08,1070.32,2021
Mobikwik,35,9,3.2,687.94,3.2,687.94,2021
Mobikwik,35,8,2.59,418.04,2.59,418.04,2021
Mobikwik,35,7,2.8,402.42,2.8,402.42,2021
Mobikwik,35,6,3.21,535.12,3.21,535.12,2021
Mobikwik,35,5,3.18,467.11,3.18,467.11,2021
Mobikwik,35,4,2.09,254.32,2.09,254.32,2021
Mobikwik,35,3,2.22,315.59,2.22,315.59,2021
Mobikwik,35,2,1.92,216.94,1.92,216.94,2021
Mobikwik,35,1,1.94,253.16,1.94,253.16,2021
Paytm Payments Bank App,36,12,612.71,71874.13,706.37,88094.49,2021
Paytm Payments Bank App,36,11,543.71,66920.55,631.3,81403.37,2021
Paytm Payments Bank App,36,10,542.57,64727.41,632.18,80508.04,2021
Paytm Payments Bank App,36,9,462.71,53793.06,543.55,61417.53,2021
Paytm Payments Bank App,36,8,423.63,50021.4,498.65,56319.62,2021
Paytm Payments Bank App,36,7,387.85,46406.52,454.06,51694.41,2021
Paytm Payments Bank App,36,6,326.53,40614.09,383.05,44981.11,2021
Paytm Payments Bank App,36,5,290.69,35715.48,343.81,43741.16,2021
Paytm Payments Bank App,36,4,320.78,36859.2,372.7,41469.53,2021
Paytm Payments Bank App,36,3,344.99,38653.06,401.16,43221.25,2021
Paytm Payments Bank App,36,2,290.03,34405.44,340.71,38493.52,2021
Paytm Payments Bank App,36,1,281.18,33909.5,332.69,37845.76,2021
PhonePe,37,12,2077.6,394565.58,2077.6,394565.58,2021
PhonePe,37,11,1911.21,365044.32,1911.21,365044.32,2021
PhonePe,37,10,1937.57,365845.39,1937.57,365845.39,2021
PhonePe,37,9,1653.19,306437.37,1653.19,306437.37,2021
PhonePe,37,8,1622.95,301644.8,1622.95,301644.8,2021
PhonePe,37,7,1492.09,288573,1492.09,288572.9,2021
PhonePe,37,6,1292.71,262565.88,1292.71,262565.88,2021
PhonePe,37,5,1149.84,234123.57,1149.84,234123.57,2021
PhonePe,37,4,1189.89,234023.33,1189.89,234023.33,2021
PhonePe,37,3,1199.51,231412.33,1199.51,231412.33,2021
PhonePe,37,2,975.53,189517.82,975.53,189517.82,2021
PhonePe,37,1,968.72,191973.77,968.72,191973.77,2021
Punjab National Bank App,38,12,.07,33.76,.07,33.76,2021
Punjab National Bank App,38,11,.07,31.14,.07,31.14,2021
Punjab National Bank App,38,10,.08,32.06,.08,32.06,2021
Punjab National Bank App,38,9,.07,25.07,.07,25.07,2021
Punjab National Bank App,38,8,.04,15.28,.04,15.28,2021
Punjab National Bank App,38,7,.02,8.86,.02,8.86,2021
Punjab National Bank App,38,6,.08,41.1,.08,41.1,2021
Punjab National Bank App,38,5,.11,55.51,.11,55.51,2021
Punjab National Bank App,38,4,.12,63.07,.12,63.07,2021
Punjab National Bank App,38,3,.14,72.25,.14,72.25,2021
Punjab National Bank App,38,2,.13,62.93,.13,62.93,2021
Punjab National Bank App,38,1,.13,64.68,.13,64.68,2021
RBL Bank App,39,12,.35,102.17,.35,102.17,2021
RBL Bank App,39,11,.25,81.95,.25,81.95,2021
RBL Bank App,39,10,.22,84.08,.22,84.08,2021
RBL Bank App,39,9,.17,65.95,.17,65.95,2021
RBL Bank App,39,8,.16,70.24,.16,70.24,2021
RBL Bank App,39,7,.15,68.54,.15,68.54,2021
RBL Bank App,39,6,.13,61.95,.13,61.95,2021
RBL Bank App,39,5,.12,56.21,.12,56.21,2021
RBL Bank App,39,4,.13,58.08,.13,58.08,2021
RBL Bank App,39,3,.14,59.94,.14,59.94,2021
RBL Bank App,39,2,.12,49.4,.12,49.4,2021
RBL Bank App,39,1,.12,48.58,.12,48.58,2021
Samsung Pay,40,12,3.21,436.3,3.21,436.3,2021
Samsung Pay,40,11,2.8,412.13,2.8,412.13,2021
Samsung Pay,40,10,2.81,428.41,2.81,428.41,2021
Samsung Pay,40,9,2.37,371.1,2.37,371.1,2021
Samsung Pay,40,8,2.25,372.08,2.25,372.08,2021
Samsung Pay,40,7,2.02,367.67,2.02,367.67,2021
Samsung Pay,40,6,1.64,331.04,1.64,331.04,2021
Samsung Pay,40,5,1.36,302.68,1.36,302.68,2021
Samsung Pay,40,4,1.62,312.93,1.62,312.93,2021
Samsung Pay,40,3,1.83,326.96,1.83,326.96,2021
Samsung Pay,40,2,1.65,296.08,1.65,296.08,2021
Samsung Pay,40,1,1.67,314.07,1.67,314.07,2021
South Indian Bank App,41,12,.13,39.92,.13,39.92,2021
South Indian Bank App,41,11,.11,36.91,.11,36.91,2021
South Indian Bank App,41,10,.11,37.4,.11,37.4,2021
South Indian Bank App,41,9,.09,31.18,.09,31.18,2021
South Indian Bank App,41,8,.09,31.69,.09,31.69,2021
South Indian Bank App,41,7,.08,28.23,.08,28.23,2021
South Indian Bank App,41,6,.06,24.3,.06,24.3,2021
South Indian Bank App,41,5,.05,19.67,.05,19.67,2021
South Indian Bank App,41,4,.07,23.53,.07,23.53,2021
South Indian Bank App,41,3,.07,25.5,.07,25.5,2021
South Indian Bank App,41,2,.06,22.61,.06,22.61,2021
South Indian Bank App,41,1,.06,22.77,.06,22.77,2021
Standard Chartered Bank App,42,12,.1,60.26,.1,60.26,2021
Standard Chartered Bank App,42,11,.09,53.87,.09,53.87,2021
Standard Chartered Bank App,42,10,.1,56.38,.1,56.38,2021
Standard Chartered Bank App,42,9,.08,45.86,.08,45.86,2021
Standard Chartered Bank App,42,8,.08,45.31,.08,45.31,2021
Standard Chartered Bank App,42,7,.08,46.29,.08,46.29,2021
Standard Chartered Bank App,42,6,.06,39.42,.06,39.42,2021
Standard Chartered Bank App,42,5,.06,36.73,.06,36.73,2021
Standard Chartered Bank App,42,4,.06,33.32,.06,33.32,2021
Standard Chartered Bank App,42,3,.05,30.66,.05,30.66,2021
Standard Chartered Bank App,42,2,.05,27.11,.05,27.11,2021
Standard Chartered Bank App,42,1,.05,27.86,.05,27.86,2021
State Bank of India Apps,43,12,3.63,1961.7,3.63,1961.72,2021
State Bank of India Apps,43,11,3.72,1990.21,3.72,1990.21,2021
State Bank of India Apps,43,10,3.98,2089.18,3.98,2089.18,2021
State Bank of India Apps,43,9,3.77,1874.58,3.77,1874.58,2021
State Bank of India Apps,43,8,3.69,1905.52,3.69,1905.52,2021
State Bank of India Apps,43,7,3.55,1908.2,3.55,1908.2,2021
State Bank of India Apps,43,6,3.43,1978.61,3.43,1978.61,2021
State Bank of India Apps,43,5,3.69,2079.32,3.69,2079.32,2021
State Bank of India Apps,43,4,4.14,2359.08,4.14,2359.08,2021
State Bank of India Apps,43,3,4.55,2578.38,4.55,2578.38,2021
State Bank of India Apps,43,2,4.13,2273.77,4.13,2273.77,2021
State Bank of India Apps,43,1,4.29,2358.82,4.29,2358.82,2021
UCO Bank App,44,12,.14,33.49,.14,33.49,2021
UCO Bank App,44,11,.12,30.41,.12,30.41,2021
UCO Bank App,44,10,.11,27.95,.11,27.95,2021
UCO Bank App,44,9,.1,23.44,.1,23.44,2021
UCO Bank App,44,8,.09,21.64,.09,21.64,2021
UCO Bank App,44,7,.08,22.5,.08,22.5,2021
UCO Bank App,44,6,.09,20.8,.09,20.8,2021
UCO Bank App,44,5,.08,19.5,.08,19.5,2021
UCO Bank App,44,4,.07,16.17,.07,16.17,2021
UCO Bank App,44,3,.07,16.08,.07,16.08,2021
UCO Bank App,44,2,.06,13.69,.06,13.69,2021
UCO Bank App,44,1,.05,14.12,.05,14.12,2021
Ultracash,45,12,1.96,178.99,1.96,178.99,2021
Ultracash,45,11,2.13,162.44,2.13,162.44,2021
Ultracash,45,10,2.32,170.32,2.32,170.32,2021
Ultracash,45,9,2.02,163.57,2.02,163.57,2021
Ultracash,45,8,1.66,161.92,1.66,161.92,2021
Ultracash,45,7,1.45,158.45,1.45,158.45,2021
Ultracash,45,6,1.19,148.09,1.19,148.09,2021
Ultracash,45,5,1.15,142.92,1.15,142.92,2021
Ultracash,45,4,1.49,178.72,1.49,178.72,2021
Ultracash,45,3,1.33,158.23,1.33,158.23,2021
Ultracash,45,2,.89,118.31,.89,118.31,2021
Ultracash,45,1,.75,120.28,.75,120.28,2021
Union Bank Apps,46,12,.36,167.6,.36,167.6,2021
Union Bank Apps,46,11,.43,178.53,.43,178.53,2021
Union Bank Apps,46,10,.66,223.98,.66,223.98,2021
Union Bank Apps,46,9,.41,155.2,.41,155.2,2021
Union Bank Apps,46,8,.37,150.94,.37,150.94,2021
Union Bank Apps,46,7,.33,137.37,.33,137.37,2021
Union Bank Apps,46,6,.29,128.37,.29,128.37,2021
Union Bank Apps,46,5,.28,110.65,.28,110.65,2021
Union Bank Apps,46,4,.34,135.79,.34,135.79,2021
Union Bank Apps,46,3,.38,144.93,.38,144.93,2021
Union Bank Apps,46,2,.32,119.4,.32,119.4,2021
Union Bank Apps,46,1,.24,99.94,.24,99.94,2021
WhatsApp,47,12,2.25,188.78,2.25,188.78,2021
WhatsApp,47,11,2.11,149.38,2.11,149.38,2021
WhatsApp,47,9,1.01,62.31,1.01,62.31,2021
WhatsApp,47,8,.5,44.7,.5,44.7,2021
WhatsApp,47,7,.47,45.33,.47,45.33,2021
WhatsApp,47,6,.46,42.44,.46,42.44,2021
WhatsApp,47,5,.51,48.15,.51,48.15,2021
WhatsApp,47,4,.54,47.62,.54,47.62,2021
WhatsApp,47,3,.58,38.17,.58,38.17,2021
WhatsApp,47,2,.55,32.41,.55,32.41,2021
WhatsApp,47,1,.56,36.44,.56,36.44,2021
Yes Bank Apps,48,12,24.88,5689.57,25.14,5689.75,2021
Yes Bank Apps,48,11,24.13,6170.96,24.34,6171.08,2021
Yes Bank Apps,48,10,28.32,7660.21,28.41,7660.27,2021
Yes Bank Apps,48,9,23.02,4994.32,23.03,4994.33,2021
Yes Bank Apps,48,8,24.34,5702.87,24.35,5702.87,2021
Yes Bank Apps,48,7,25.94,4811.73,25.94,4811.73,2021
Yes Bank Apps,48,6,24.72,5227.04,24.72,5227.04,2021
Yes Bank Apps,48,5,21.08,4486.54,21.08,4486.54,2021
Yes Bank Apps,48,4,22.81,5120.17,22.81,5120.17,2021
Yes Bank Apps,48,3,29.14,4831.58,29.14,4831.58,2021
Yes Bank Apps,48,2,29.34,3396.01,29.34,3396.01,2021
Yes Bank Apps,48,1,14.78,3207.95,14.78,3207.95,2021
YuvaPay,49,12,.05,78.43,.05,78.43,2021
YuvaPay,49,11,.04,66.62,.04,66.62,2021
YuvaPay,49,10,.04,61.62,.04,61.62,2021
YuvaPay,49,9,.04,46.94,.04,46.94,2021
YuvaPay,49,8,.02,19.01,.02,19.01,2021
YuvaPay,49,7,.48,38.3,.48,38.3,2021
YuvaPay,49,6,1.33,60.44,1.33,60.44,2021
YuvaPay,49,5,2.32,73.16,2.32,73.16,2021
YuvaPay,49,4,1.59,51.22,1.59,51.22,2021
YuvaPay,49,3,.56,18.56,.56,18.56,2021
YuvaPay,49,2,.02,.63,.02,.63,2021
YuvaPay,49,1,.01, , , , 
